,author,subreddit,score,created,body,label
245,u/BlueRock,RenewableEnergy,0.9281700849533081,2010-11-24 14:42,"Yep. Those pesky safety requirements are a nuisance, but that is the *fortunate* reality. Something as inherently dangerous as nuclear energy needs them otherwise we'd be knee-deep in radioactive material because corporations chase profits over safety every time.

I'll risk a wind turbine toppling over from a nuke spewing out radioactive material any day of the week.",NEG
763,u/InactiveUser,RenewableEnergy,0.48203563690185547,2011-03-16 06:02,"Nuclear energy is safe and clean, you won't see any deaths from Japan.

/GE",NEU
804,u/BlueRock,RenewableEnergy,0.754238486289978,2011-03-19 01:02,"Relevant:

* Nuclear Energy Steals Billions from Other Technologies. http://stephenleahy.net/2010/07/19/nuclear-energy-steals-billions-from-other-technologies/",NEG
822,u/acegibson,RenewableEnergy,0.5246347188949585,2011-03-20 08:48,There's been a tendency from some on reddit to downplay the most recently demonstrated drawbacks of nuclear energy while up-playing the hazards of coal and oil.,NEG
839,u/BlueRock,RenewableEnergy,0.6194201111793518,2011-03-21 11:25,"Relevant:

* Offshore Wind Energy Cheaper than Nuclear Energy, EU Climate Chief Says. http://cleantechnica.com/2011/03/18/offshore-wind-energy-cheaper-than-nuclear-energy-eu-climate-chief-says/",NEU
867,u/VicinSea,RenewableEnergy,0.8767678737640381,2011-03-22 22:38,"Storing Nuclear Waste for 100,000 years is pretty unfeasible too, considering the oldest language on our planet is only about [5,000 years old](http://linguistlist.org/ask-ling/oldest.cfm).  By the time we finally decide nuclear energy is a bad idea, we will have [hundreds of thousands of poison sites to keep track of and keep contained](http://en.wikipedia.org/wiki/List_of_nuclear_reactors).",NEG
883,u/DonManuel,RenewableEnergy,0.8333331346511841,2011-03-24 04:09,Let me predict: windfarms will survive fossil and nuclear energy transformation worldwide in a few decades ;),NEU
928,u/DV1312,RenewableEnergy,0.5639131665229797,2011-03-26 10:58,"Well the easiest way would be to pass a law outbanning nuclear energy instead of a contract with the big four to phase out the plants.

If SPD/Gr√ºne (or the other way around) come back into power they should learn from their past mistakes.",NEG
933,u/DV1312,RenewableEnergy,0.86209636926651,2011-03-26 11:22,Five months ago the opposition against nuclear energy was around 50% - that's almost 25 years after Chernobyl. Now it's 70% or 80%. Unless we magically find a final deposit site nobody will forget about this.,NEU
934,u/farox,RenewableEnergy,0.762039303779602,2011-03-26 11:28,We should bet  :) 1 Month of Reddit Gold that in a year the opposition against Nuclear energy is below 60%.,NEU
1031,u/JarJizzles,RenewableEnergy,0.693878710269928,2011-04-04 07:04,But I have a lot of money invested in promoting nuclear energy and stand to make a fortune from the building of new plants!,NEU
1037,u/VicinSea,RenewableEnergy,0.9610718488693237,2011-04-04 07:43,"We have no idea how many people will be killed by nuclear energy *in the future*. The waste is toxic for 100,000 years, so today's ""safe"" storage may be tomorrow's ""Forest of Silent Death"" &amp; ""River of Agony"". ",NEG
1043,u/ultraayla,RenewableEnergy,0.777066171169281,2011-04-04 08:31,"I'm not a nuclear energy expert, but my understanding is that due to the complexity of the systems, designing a plant and getting it certified is incredibly time consuming (about a decade). I think the amount of money required to finance the reactor also factors in, but I'm not sure how much. Someone else may be able to elaborate, but it takes quite a long time to get even one reactor online. Renewables certainly have their own difficulties coming online, but I think that as part of the package of issues with nuclear, the time to come online is pretty significant.",NEU
1077,u/ikeaslave,RenewableEnergy,0.6752999424934387,2011-04-05 18:30,"&gt;As Japan addresses the aftermath of the earthquake and tsunami, too much worry, time and effort are having to be spent trying to secure and make safe one facility that provided just 3% of the country's electricity.


That sure does seem like a very small payoff compared to the potential risks involved in nuclear energy.",NEG
1181,u/p1mrx,RenewableEnergy,0.6047864556312561,2011-04-09 17:49,Renewable energy **is** nuclear energy (with the exception of tidal power.),NEU
1182,u/BlueRock,RenewableEnergy,0.6525567173957825,2011-04-09 17:56,"No, it's not. Unless you're just being pedantic and referring to the fact that solar and wind energy originates from the sun which is nuclear-powered. That's just confusing and pointless. Nuclear energy refers to terrestrial-based nuclear fission.",NEG
1409,u/discontinuuity,RenewableEnergy,0.6209669709205627,2011-04-23 18:41,"It's a shame that people have been turned off to nuclear power since the disaster in Japan.  Don't get me wrong, I think wind energy is a great idea, but I think that we should really put more research into sustainable nuclear energy like LFTR.",NEG
1502,u/jimofwales,RenewableEnergy,0.7227582931518555,2011-04-30 13:53,I work in renewable energy and fully support nuclear energy. I think we need both especially when we start replacing the heavy lifting done by petroleum and natural gas. ,POS
1511,u/NumeriusNegidius,RenewableEnergy,0.8355525135993958,2011-04-30 17:10,"I see your argument every now and then: ""why criticizing nuclear energy when you should be criticizing fossil fuel"". I want both gone. It's not a nuclear vs fossil issue, it is an issue of old vs new.

It's not an easy task, but it's worthwhile. Don't just take the easy way out.",NEG
1512,u/Zanesan,RenewableEnergy,0.5529115200042725,2011-04-30 17:25,"I must admit that I am not familiar with the nitty gritty, and based my comment on the fact that those who will pursue profit wherever they can have largely ignored nuclear energy.  As far as I am aware, the cost of insurance and the cost of waste disposal are what principally prevent them from being profitable.  Couple that with an enormous up front investment, and there are just better placed for investors money to go.",NEG
1514,u/godwinslawinaction,RenewableEnergy,0.7024824023246765,2011-04-30 18:29,"I agree with nearly all of your points. I just think if we're going to invest in nuclear energy it should go exclusively toward developing future technologies (i.e. thorium reactors, which from what I've heard wouldn't run into scarcity issues at any point in the foreseeable future) rather than building more of the tremendous money sinks that exist today -- especially as long as we don't have a permanent and secure storage solution for the waste.",NEU
1544,u/BlueRock,RenewableEnergy,0.6154729723930359,2011-05-01 09:41,"Sadly, the government south of Hadrian's Wall does not understand this. Or, maybe they do understand it but still prefer the massive transfer of wealth that nuclear energy offers....

P.S. I thought [this comment at the Guardian](http://www.guardian.co.uk/discussion/comment-permalink/10508889) offers an excellent response to those who claim wind turbines ""destroy the countryside"".",NEU
1548,u/discontinuuity,RenewableEnergy,0.6841568946838379,2011-05-01 11:38,"Socialist?  Let's leave politics out of this.  If you mean that it doesn't fit the short-term profit, capitalist business model, then yes you're right.

Government research doesn't just benefit nuclear energy.  Think of the National Renewable Energy Lab (a government-funded institution) or the thousands of state universities researching renewable energy in all forms.",NEU
1908,u/DonManuel,RenewableEnergy,0.9889634847640991,2011-05-26 08:49,"Yes, and thanks for resubmitting here! As the keyword ""France"" is so much associated with nuclear energy I enjoyed submitting it to r/energy first :)",POS
1936,u/DonManuel,RenewableEnergy,0.9591562747955322,2011-05-28 04:46,"We were even more stupid I think, fossil and nuclear energy are anything but cheap if you calculate all costs. And they are finite: just using them up for energy is a big waste at the cost of future generations which might have a better use for it than just burning it.",NEG
1940,u/-Tack,RenewableEnergy,0.6675828695297241,2011-05-28 20:01,Good point about future uses of fossil fuels and nuclear energy. There could be uses we haven't thought of and we needlessly burn them like a hunter burning a forest to get animals to run out.,NEU
2060,u/VicinSea,RenewableEnergy,0.8411347270011902,2011-06-06 21:33,"Good!

I live in downwind of Fukushima...I have enough Nuclear energy to last me the *rest* of my life.",POS
3074,u/cannex,RenewableEnergy,0.792875349521637,2011-09-05 11:34,"""Fossil fuels and nuclear energy have very deep pockets. They can flood the zone with inaccuracies and spread doubt about the ability of renewable energy to do the job. They can hire armies of lobbyists and make hefty campaign contributions. They can enlist the aid of their buddies in other industries.""
This made me laught and cry a little bit!

",NEG
3371,u/InactiveUser,RenewableEnergy,0.9550771713256836,2011-09-22 10:11,"&gt;Costs for Nuclear Energy Skyrocket While Cost of Renewables Plummet

I am so disappointed. I was looking forward to some wealthy suburb getting its own nuclear plant...

&gt;‚ÄúThe hype around a nuclear power revival or renaissance was based on nothing and is effectively dead.‚Äù

But wind and solar are apparently myths according to American Republicans. 

&gt;Equally important is that corporate shareholders of large utility companies can do very well financially on such projects when governments guarantee to cover any losses.

But I thought they were profitable and ""too cheap to meter"" ;-9",NEG
4023,u/hjras,RenewableEnergy,0.9544937014579773,2011-11-13 06:38,"The problem is our government has just disabled all subsidies and contracts regarding renewable energy, and is probably pushing for nuclear energy.

That said, they are still trying to build even MORE dams, which in turn is increasing the speed of the erosion of our coast, given that the amount of sand required for the natural replacement in the beaches isn't enough.",NEG
4902,u/alllie,RenewableEnergy,0.6069126129150391,2012-01-13 15:35,"Right. Perfectly safe. Like they always tell us that nuclear energy is. 

I'm past believing them. ",NEG
4910,u/Killington301,RenewableEnergy,0.8601846694946289,2012-01-14 23:31,LFTR is NOT being pushed by the nuclear industry. It doesn't make sense for them to because all the suppliers of the nuclear energy make their money supplying the pellets used in hard and soft water reactors. Honestly your blathering opposition to this idea when it appears you haven't even seen the video is questionable.,NEG
6266,u/piklwikl,RenewableEnergy,0.6075217723846436,2012-06-04 12:13,"The nuclear lobby keeps teling us we must have nuclear -- but this is clearly not true...... Germany shows us that renewables are all that we need.

[10 Reasons Not to Invest in Nuclear Energy](http://www.americanprogress.org/issues/2008/07/nuclear_energy.html)

Nuclear takes huge investment that is better to spend on renewables now.",NEG
7398,u/carlog234,RenewableEnergy,0.6614037752151489,2012-09-24 18:44,"ah i see. how efficient are they these days btw? last i remember (years ago) about 10%? and do you know if the US government is taking steps in this direction or investing in other renewable energy sources?

i personally am a big fan of nuclear energy. especially once we get fusion down.",POS
7788,u/ShieldAre,RenewableEnergy,0.7256944179534912,2012-10-24 07:42,"This is why I think that Germany should keep its nuclear plants running. After all, the risk of a disaster is very small and although the waste is problematic, we will find good ways to deal with it. 

Without nuclear energy, Germany has to either rely more on fossil energy, imported energy or seriously strain its economy in an attempt to turn to renewables.

With nuclear energy, Germany can phase out more fossil energy while concentrating on renewables and then starting slowly to phase out nuclear. The risks and environmental harm are much smaller.",NEU
8437,u/austenite,RenewableEnergy,0.6790862083435059,2012-12-11 14:11,Pretty sure he said he's not very supportive of nuclear energy just not against it.  He also made the comment it's clean in terms of emissions.  I don't see anything there where he states he's not concerned with radioactive waste or that he states nuclear is a renewable energy source.,NEU
8879,u/VicinSea,RenewableEnergy,0.683215856552124,2013-01-06 22:57,"You can buy a perfectly clean lot just outside Hanford, very cheaply. Move your family there and report to us how clean nuclear energy really is.  You have a choice, to buy or not. Most of the people in the area did not have that choice.",NEU
8884,u/Foxkilt,RenewableEnergy,0.9009724855422974,2013-01-07 03:45,"Hanford is about nuclear weapons, which have not much to do with nuclear energy.",NEU
10539,u/InterGalacticMedium,RenewableEnergy,0.6150850653648376,2013-04-15 15:31,"Compare the economic, environmental, climactic and human cost of nuclear energy though and it does quite well compared to many other energy sources such as fossil fuels of every kind and some environmentally damaging renewables.",NEU
10925,u/dlopoel,RenewableEnergy,0.8467158675193787,2013-05-05 09:46,"It's a matter of time scales and and frame of reference. Wind and solar energy are renewable because regardless of if we use or not their energy now there will be some energy left tomorrow (seen from our subjective time scale). This is not the case with modern nuclear energy, which is in limited supply (again with regards to our subjective time scale). If you come up with some imaginary fuel based technologies that would offer million of years of supply I guess that they would fit the definition. ",NEU
10941,u/dlopoel,RenewableEnergy,0.6665410995483398,2013-05-05 11:41,"Sure, we can imagine all kind of scenarios. Doesn't change my point though: modern nuclear energy is not renewable.",NEG
14155,u/Calimhero,RenewableEnergy,0.5400024652481079,2013-11-07 12:50,"I have worked in nuclear safety and consider myself a mild supporter of atomic energy. This is correct, nuclear energy is outrageously expensive. There is absolutely no denying it.",NEU
14491,u/absolutebeginners,RenewableEnergy,0.9301429986953735,2013-11-22 11:52,"We spend quite a bit on energy research. From 2003-2012 DOE spent approximately $29 billion on research of Renewable Energy, Energy Efficiency, Nuclear Energy, and Electric Systems with about 10 billion on fossil energy.",NEU
14548,u/ferdinand,RenewableEnergy,0.7094627618789673,2013-11-29 07:49,"&gt;we spent $14 billion subsidizing renewable energies in 2010 -- $16.5 billion if you count nuclear energy.

Why would you count nuclear energy as renewable?",NEU
17188,u/wurftz,RenewableEnergy,0.9825631976127625,2014-04-16 02:14,"Fuck nuclear energy.
How can it ever be considered renewable?

Why did you even bother posting this?",NEG
17226,u/spiralout154,RenewableEnergy,0.912563145160675,2014-04-16 21:50,The circle jerk of attacking nuclear energy on this sub is horrendous. I just subscribed earlier today and already I'm unsubscribing. Being in favor of one form of energy doesn't mean others are bad. There is no single right answer and the future will require a collection of multiple energy sources. ,NEG
18694,u/DonTheWolf212,RenewableEnergy,0.719504177570343,2014-06-06 20:09,"I dont trust it completely yet, but with all things it just takes research and time. I'm all for the research and responsible handling of nuclear energy, the industry just hasnt shown me what I want to see as far as standards go. In the future I have no doubt that nuclear will replace most forms of energy, and far surpass them in safety and efficiency. ",NEU
18704,u/WiseCynic,RenewableEnergy,0.5892468094825745,2014-06-06 22:07,"The subreddit is ""Renewable Energy"", not Nuclear Energy or CO2-free energy, or something else related to nuclear energy.

There are other subreddits for that.

&gt; I never said it was renewable

RENEWABLE energy does not include nuclear.  For Odin's sake, read the goddamn sidebar!
",NEG
20637,u/Isek,RenewableEnergy,0.9601166248321533,2014-10-04 14:26,"Bullshit. Getting rid of nuclear energy was already decided on in 2000:

http://de.wikipedia.org/wiki/Atomkonsens
http://news.bbc.co.uk/2/hi/europe/791597.stm
",NEG
21934,u/paulwesterberg,RenewableEnergy,0.6843814849853516,2014-12-28 17:15,At high cost and poor efficiency. Worth it if you have logistics problems and excess nuclear energy power generation. Not so worth it for people looking for an alternative to gasoline.,NEG
22882,u/bisnicks,RenewableEnergy,0.42845743894577026,2015-03-11 06:41,This drives me insane. Nuclear technology of today is nothing like that of yesterday. Nuclear energy holds a lot of promise and could ease our dependence on fossil fuels while also being much better for the environment.,NEU
23804,u/biledemon85,RenewableEnergy,0.5151992440223694,2015-05-21 09:55,"Indeed I think you are correct.  
&gt;[Over 40% of the current MIT Physics Department faculty supervising more than 90 graduate students conduct their research in LNS.](http://web.mit.edu/lns/research/)

Edit: Well shit, no that's particle physics. My bad ;P  
Edit 2: [Here's their nuclear energy department](http://web.mit.edu/nse/index.html).",NEU
24171,u/DonManuel,RenewableEnergy,0.8864046931266785,2015-06-26 06:42,"They write the term ""renewable energy"" but that sounds strange. It was Gates who smeared renewable energy when investing in Gen IV nuclear energy. Again, with no word any technology is explicitly named, so I think this is just a promotion of greenwashed Gates nuclear. ",NEG
25472,u/iamiskander,RenewableEnergy,0.8906417489051819,2015-10-26 11:06,"I always wondered why the US didn't just tell Iran to do this vs helping them go nuclear. I'm not one of those crackpots who think the deal is going to end the world... but if a country like Iran having nuclear energy is ***that dangerous*** why not help them do something like this? Clean energy and no bombs.

I bet everyone involved spent more money on jet fuel flying there to argue about uranium enrichment in a 5 star hotel then it would have cost to solve the problem!",NEG
25822,u/renewablebiofuels,RenewableEnergy,0.6236464381217957,2015-12-07 01:10,"Probably it means this :Cestas will see its solar energy for a price of ‚Ç¨105/MWh ($111/MWh) for 20 years, which is on a par with wind power and cheaper than the cost of new nuclear energy, confirmed Neoen chief executive, Xavier Barbaro.",NEU
26666,u/cricrithezar,RenewableEnergy,0.802222490310669,2016-01-30 09:07,"Even though renewables are definitely better in the long run, I'm pretty sure nuclear energy is one of the cheapest energy sources out there. I still think fission is still better than fossils, and ~~remembers~~ renewables (stupid auto-correct) are way better than any other known energy source apart, probably, from the still untamed fusion energy. But nuclear is still a step forward in my eyes.  
EDIT: fought the auto-correct and won.",POS
26669,u/Koala_eiO,RenewableEnergy,0.5352444052696228,2016-01-30 15:09,"&gt; I'm pretty sure nuclear energy is one of the cheapest energy sources out there.

The issue is that nuclear energy price doesn't take dismantling costs into consideration.",NEU
26670,u/nebulousmenace,RenewableEnergy,0.8315727114677429,2016-01-30 18:34,"&gt;I'm pretty sure nuclear energy is one of the cheapest energy sources out there.

Are these the theoretical prices to build the next few nuclear reactors or the actual prices where so many of them end up? ",NEU
27032,u/VLXS,RenewableEnergy,0.7685037851333618,2016-03-08 04:14,"Both Buffett and Gates are way too invested in Nuclear power to support renewables now. 

They must have gambled millions on Nuclear energy generation and now they're losing sleep over it. Reddit is full of pro-nuclear shills that pop out of the blue on most high-visibility renewables threads and this is frequently seen in Bill Gates related articles.",NEG
27147,u/RakeshCristoval,RenewableEnergy,0.7294982671737671,2016-03-18 15:33,"What those cities should be fighting for is the shutdown of coal power plants. Nuclear power plants should be closed but only in the long run. I think we need nuclear energy to stick around a little longer until most of the electricity generated comes from renewable sources. As it is, nuclear energy emits no carbon dioxide, so if it stuck around a little longer, climate change would be easier to eliminate. ",NEU
27410,u/misyo,RenewableEnergy,0.6407431960105896,2016-04-12 15:37,I'm not discussing the article. I'm addressing concerns about long term investment in nuclear energy with someone who seems keen to do so as a bridging method of energy production between oil and renewables. Unless I read your position wrong in your other responses.,NEU
27480,u/4ray,RenewableEnergy,0.7460347414016724,2016-04-19 21:44,Making nuclear energy the universal source.,NEU
27656,u/phantuba,RenewableEnergy,0.7909623384475708,2016-05-08 15:15,"So what's wrong with nuclear energy? I get this sub is /r/renewableenergy, but shouldn't we be supporting *clean* energy too? ",NEU
27675,u/relevant_rhino,RenewableEnergy,0.7676702737808228,2016-05-09 07:20,"* Too expensive.
https://www.youtube.com/watch?v=E5lg73SDYUw
If there was a save and cheap form of nuclear energy i would support it. In real live it looks like it is still a dream.

* +- 400 Reactor's running on the Planet. Not a single end storage for the waste.

* Renewables are already cheaper than new Nuclear, so why should we put money in it?",NEG
28786,u/5baserush,RenewableEnergy,0.9665012955665588,2016-08-26 06:34,Nuclear energy is green energy! What a crappy title.,NEG
29319,u/Macscroge,RenewableEnergy,0.570101797580719,2016-10-06 13:26,Why is nuclear energy so often portrayed as an antagonist against renewables in this sub? ,NEU
29330,u/Dontblinkdoc,RenewableEnergy,0.8672229647636414,2016-10-06 16:15,"I think it comes down to aiming to be sustainable, nuclear energy presents a problem that renewables do not. The problem of how do we sustainably and reliably keep nuclear waste from being harmful to people or to our environment makes it a far more dangerous form of energy than harnessing the energy from the sun or wind. Containers break, reactors melt down, just like oil pipelines burst. That's why I think nuclear is antithetical to renewables. ",NEG
29339,u/larlin289,RenewableEnergy,0.7096269130706787,2016-10-06 23:28,For me it mostly comes down to being the same money. Money is either spent on nuclear energy that at best will produce energy in 10 years. Or it is spent on renewables that will produce in 2-3 years. So any money spent on nuclear is more or less wasted from a perspective of renewables.,NEU
29404,u/lyndy650,RenewableEnergy,0.7939242124557495,2016-10-09 17:16,"If not comparing renewables vs nuclear. I'm saying we're in a transitional phase as far as electrical generation goes, and we need to get rid of coal and natural gas generation in order to cut down on emissions. While we work on the engineering behind energy storage, continuing to use nuclear energy is our cleanest and safest bet. The enemy here is fossil fuel generation, not nuclear fission generation.
",NEU
29718,u/This_Is_The_End,RenewableEnergy,0.8853081464767456,2016-10-21 03:06,"No, these type of posters aren't able to see the usage of a working European grid. Of course Germany is able to import power and vice versa. The renewable are a real problem for the grid, because Germany is exporting massive power at peak times which renders these huge power plants less profitable. Power from nuclear energy and natural gas are suffering from this effect. ",NEG
32035,u/deck_hand,RenewableEnergy,0.7576594948768616,2017-01-13 09:41,I thought that a large part of the cost of fission plants was related to the radiation and safety factors that have to go into protecting and transporting the fuel and the spent fuel.  Is that not so?  Is 72% of the cost of nuclear energy just operating and maintaining the steam generator?,NEU
32666,u/dgusain,RenewableEnergy,0.5495561361312866,2017-02-01 04:44,"The only way we are going to have any sort of control back in climate fight is with the use of Nuclear Energy. Wind, Solar etc are all good, but Nuclear is the solid deal. ",NEU
33093,u/obtk,RenewableEnergy,0.6710289716720581,2017-02-18 11:06,"Nuclear fission is the primary nuclear energy source, and that is the destruction of atoms, which there are limits of in the world, so by definition it's non-renewable. I don't know much about nuclear fusion, but I believe that it would be classified as renewable.

Nuclear energy definitely is greener than fossil fuels, with the only real issue being the nuclear waste, which can be disposed of safely and greenly.",NEU
33095,u/DonManuel,RenewableEnergy,0.9692089557647705,2017-02-18 11:34,Nuclear energy consumes finite mined resources to run and leaves terribly hazardous waste. Has no place on this sub.,NEG
36034,u/noahio,RenewableEnergy,0.7112833261489868,2017-06-24 07:40,"What does windows 95 have to do with the iPhone? And more importantly, what do either of them have to do with nuclear energy?",NEG
36993,u/Bigi345,RenewableEnergy,0.9187694191932678,2017-08-02 19:11,"Just like what the bot said, i do think it seems a bit too late. Unfortunately the general population isn't exactly embracing nuclear energy",NEG
37310,u/neprofil,RenewableEnergy,0.6383267641067505,2017-08-16 10:22,"So if these deaths are prevented by avoiding the use of coal, that means that the equivalent amount of nuclear energy also saves 12,700 people per year then?",NEU
37590,u/raptorman556,RenewableEnergy,0.6211305856704712,2017-09-04 18:52,"Although good, it should be pointed out that nuclear energy is not renewable.",NEG
39075,u/waynep712222,RenewableEnergy,0.6775635480880737,2017-11-22 18:10,"oh i wished i had recorded the short speach given by former vice president Dick Cheney about how the american public will need to finance new nuclear energy plants as banks won't finance them as they are only good for 40 years and they don't pay off in the long run so it will be up to the american tax payer to support the building of new nuclear plants. 

 i was laughing my head off at the former CEO of Halliburton . who is one of the approved contractors building nuclear generating plants. ",NEU
39363,u/EsteemedSir,RenewableEnergy,0.5416146516799927,2017-12-09 07:52,"From what I understand, if we were to use breeder reactors we'd have enough fuel for 5 billion years, I'm which case it may as well be renewable, the Earth is only expected to survive another 4.5 billion. Not that that's the only reason, but seriously nuclear energy can only get better the more money we use to research it.",POS
39413,u/Hank_hill_repping,RenewableEnergy,0.9517264366149902,2017-12-11 22:37,"A nuclear plant has never been made on budget in the west.

In terms of clean, nuclear energy is responsible for one of the worst environmental disasters in history. It is not clean by any measure except it is lower in CO2 than fossil.",NEG
39548,u/deck_hand,RenewableEnergy,0.5680966377258301,2017-12-22 06:11,"Nuclear energy is a necessary part of our near future.  Maybe one day we can outgrow the need for them, but not in the near future.",POS
39581,u/deck_hand,RenewableEnergy,0.5776585936546326,2017-12-23 10:47,"We *can* skip it now, but the real question is ‚Äúwhy should we?‚Äù  I understand that a bunch of people are terrified of nuclear energy, but other than the fears, if done correctly, they can produce clean, abundant energy for decades. 

The real issue is cost. If we can‚Äôt do it at a reasonable cost, then it doesn‚Äôt help anything.  Like solar roads, an expensive solution that since better than a cheap one is not advancing the cause.

Still, I think we have enough challenges that a diverse mix of energy sources.",NEG
40376,u/av1982,RenewableEnergy,0.96347975730896,2018-01-29 09:16,"This is what I thought. So now when someone says nuclear energy is ""clean"" I'm going to tell them they are full of shit. ",NEG
40685,u/mandathor,RenewableEnergy,0.6206302046775818,2018-02-11 11:29,"Not sure what you'r getting at.  But the idea is just that with radical abundance, why would anyone risk dealing with nuclear energy at any level when its possible to get energy other ways... ",NEU
41033,u/shashankgarg97,RenewableEnergy,0.6397192478179932,2018-02-25 13:06,"Approximately around the mid of the 21st century, 80-90% of the electricity produced will be from low carbon sources. If nuclear energy advancements take place then we have dealt with solutions for terawatt energy level issues for another century keeping the environment pollution free. ",NEU
41034,u/shashankgarg97,RenewableEnergy,0.858410656452179,2018-02-25 13:08,solar energy won't play a major role in solving terawatt energy level issues. It is nuclear energy that will play a major role in another industrial revolution.,NEU
42259,u/Lethr,RenewableEnergy,0.8503872156143188,2018-05-01 00:40,that's a really weird and not very useful statistic. why not compare renewables and nuclear energy production both from the last decade,NEG
43227,u/tech01x,RenewableEnergy,0.7866066694259644,2018-06-21 11:59,"Of course it is a fair comparison. By their parallel nature, both solar PV and wind farms are far more likely to achieve operational status on time. It is an inherent advantage. This is especially stark when contrasting with nuclear energy.",POS
45295,u/Synod01,RenewableEnergy,0.7238476276397705,2018-09-05 15:20,"On an unrelated note.
Nuclear Energy doesn‚Äôt contribute to global warming. ",NEG
45928,u/boxdreper,RenewableEnergy,0.7622820734977722,2018-09-30 11:01,"OK, it's not renewable. Isn't the point of renewable energy to stop releasing CO2 into the atmosphere though? Nuclear energy is one of the fastest and most effective ways of doing that, even if it's not technically renewable. ",NEU
45937,u/strat_radford,RenewableEnergy,0.969723641872406,2018-09-30 14:07,Do you guys seriously just ban people who disagree with you on nuclear energy?  That's more than a little bit pathetic.  ,NEG
45944,u/kludgeocracy,RenewableEnergy,0.8690575957298279,2018-09-30 16:57,"Was the transition to nuclear energy in France a response to the oil crisis, or for some other reason?",NEU
47982,u/spadmin,RenewableEnergy,0.5515260100364685,2018-12-06 10:38,"So many people don‚Äôt realize how many flavors of nuclear energy plants can be created.

Renewables will sustain us until our power demands are higher than they can produce... that could be in a few thousand years but still at some point we will have an insane amount of robots terraforming the earth inside and out.",NEU
48334,u/dongasaurus_prime,RenewableEnergy,0.7086824178695679,2018-12-13 18:12,"The hilarious part is they had to spin off the nukes to their own company which was then nationalized as an easier method of subsidizing.

https://www.energydigital.com/power-generation/france-announces-plans-reduce-reliance-nuclear-power-increase-investment-edf

Nuclear energy is a parasite on the french taxpayer. ",NEG
50038,u/PluviusReddit,RenewableEnergy,0.701491117477417,2019-02-09 10:37,"Fear mongering isn't a good tactic.  I feel the best angle is pointing out that the need for nuclear energy is far diminished than it was 50 years ago.  Soon, we'll only need it in space and under water.",NEG
50318,u/spline_reticulator,RenewableEnergy,0.9101362228393555,2019-02-15 17:01,"I'm pretty sure there's a lot of vote manipulation and other moderating behavior that happens on this sub which isn't what would be considered good reddiquette. My other account was banned for saying that nuclear energy is a plausibly option for combating climate change. I've come to the conclusion that the moderators of this sub are really weird. You don't need to make information on renewable energy propaganda. People will just support it.

Anyway I'm sure this account will be banned now too. Nice knowing ya!",NEG
50322,u/PixelSplincher,RenewableEnergy,0.818274974822998,2019-02-15 22:36,What does nuclear energy have to do with renewable energy?,NEU
50377,u/MetalGearFoRM,RenewableEnergy,0.890633761882782,2019-02-17 11:03,Yeah they are. Nuclear energy is clean and safe.,POS
50508,u/dongasaurus_prime,RenewableEnergy,0.9619767069816589,2019-02-20 16:34,"Repurposed while simultaneously creating more dangerous waste for something not economical at all?

The best thing to do with nuclear waste is abandon nuclear energy entirely and stop making it. ",NEG
50696,u/Berkamin,RenewableEnergy,0.9020377993583679,2019-02-25 20:20,"Here's my biggest grievance with nuclear energy advocacy:

It presumes that humans are smart enough to figure out how to safely store radioactive waste for thousands of years, but too dumb to figure out how to store intermittent renewable energy for a few days.

&amp;#x200B;

Perhaps if someone had a working molten salt thorium reactor, I might pay attention. But at this point, I don't want us to be the ones making the bet. I hear India or China are investigating this. Let's see how it turns out.",NEG
51565,u/vmsabia,RenewableEnergy,0.5527119040489197,2019-03-24 04:54,"I‚Äôm sure I‚Äôm wrong, but doesn‚Äôt nuclear energy have way less of an environmental impact as other forms of energy, while being nearly as efficient?",NEU
51867,u/Akyrael,RenewableEnergy,0.8344690799713135,2019-03-31 10:48,"How about we store nuclear rods in your backyard via a government order?

Yes, nuclear energy can be part of the solution, but getting rid of appropiate regulations would only hurt people in the end, via cancer.",NEG
52262,u/leapinleopard,RenewableEnergy,0.6060704588890076,2019-04-05 14:31,Metaanalysis of studies on nuclear energy costs shows studies claiming it are economical contain conflicts of interests and illegitimately trim cost data leading to costs 6x lower than reality.  https://old.reddit.com/r/energy/comments/b9rt6g/metaanalysis_of_studies_on_nuclear_energy_costs/,NEG
53220,u/DonManuel,RenewableEnergy,0.9017871618270874,2019-05-09 12:13,"Renewables need no fuel at all and for construction you also don't need more than to build nuclear. So when we talk about mining of Uranium we talk about fuel and the most dirty waste possible from all available fuels. 

There's no fairness in your comparison and our rules are strict in this sub regarding the ""whitewashing of fossil or nuclear energy"". Therefore removed and you are now warned.",NEG
54034,u/Samwise_the_Tall,RenewableEnergy,0.9453845620155334,2019-05-30 19:24,"Nuclear energy is and has been a relatively clean source of power. The only downside is dealing with the waste, and also strategically placing reactors in safe areas. And yes, the Cheeto (Trump) is incredibly ignorant to most things, including climate science.",NEG
54587,u/illuminatedfeeling,RenewableEnergy,0.9552773833274841,2019-06-20 17:08,"Breeder reactors create dangerous plutonium, which can be used to make nuclear weapons. And the second round of plutonium processing is prone to many risks. Sorry, but nuclear energy has a waste disposal problem any way you cut it, no matter how often you call it ""safe.""",NEG
54951,u/Migoboe,RenewableEnergy,0.6918679475784302,2019-06-27 08:52,Well electrical generation really isn't the problem here in Finland and when they finally get Olkiluoto 3 online we have 1600MW more carbon free nuclear energy. I am very optimistic we can achieve zero emission electricity by 2035. But energy production produced only 17 Mtons of C02 equivalents in 2016 out of the Total 63 Mtons of CO2 equivalents produced.,POS
55269,u/Caffeine_Cowpies,RenewableEnergy,0.9704793691635132,2019-07-08 09:31,"So is this thread gonna be bombarded with those Nuclear Energy people who always seem to bash renewables, like solar and wind, because ""it's not sustainable"" 

It's almost getting to the point that I ignore those people just as much as those ""Rolling coal"" A-holes.",NEG
55276,u/Caffeine_Cowpies,RenewableEnergy,0.6356363892555237,2019-07-08 12:45,"I have been wondering that. 

Nuclear energy is much better than fossil fuels, and, if done properly, can be safer forms of energy. 

But you can't get people to ignore Chernobyl, Three Mile Island, and Fukushima. All 3 had their issues, but Chernobyl and Fukushima turned the towns next to them into ghost towns. 

Nuclear energy is like flying on commercial airplanes: Statistically very safe, but when it goes wrong, it goes REALLY badly for all involved.",NEU
56019,u/jandetlefsen,RenewableEnergy,0.7314527630805969,2019-07-28 00:09,"You often hear the argument that nuclear energy is necessary to ""secure the base load"" of the grid, but with the predicted increase of extreme hot days they are proven to not have the 100% uptime either.",NEG
56027,u/Nomriel,RenewableEnergy,0.8941550850868225,2019-07-28 01:14,"solar plummeted during both heatwave because with more than 35-40 degree in the surface pannel lose as much as 20% of their efficiency. 
the increase in solar insulation did nothing to counteract that. 
i checked regularly the energy production of my country during those heatwave. 

Nuclear energy was the only thing that saved us from electricity shortage.",NEG
56064,u/Nomriel,RenewableEnergy,0.7453972101211548,2019-07-28 02:31,"*slight* is not 20-50% of installed capacity. 
especially not when compared to nuclear energy who had to shut down less than 10% of it‚Äôs capacity due to the heat",NEG
56095,u/Nomriel,RenewableEnergy,0.6646283864974976,2019-07-28 03:56,"no don‚Äôt work on that it‚Äôs not necessary i know already. 

i‚Äôm not hating on solar energy or wind for that matter. 
i frequently invest in wind energy and plan to install panels on my house. 

i‚Äôm just saying that :
- heatwave doesn‚Äôt threaten nuclear energy
- the same heatwave also decrease renewables 
- you can‚Äôt attack nuclear energy on it‚Äôs unreliability. especially when we love and defend renewables.",NEU
56099,u/ObnoxiousFactczecher,RenewableEnergy,0.6035077571868896,2019-07-28 04:07,But I never attacked nuclear energy on unreliability. The only issues I've ever had with it were cost escalations.,NEG
57359,u/dontpet,RenewableEnergy,0.8547165393829346,2019-08-28 11:04,"&gt;Rosatom has accused Friends of the Earth and other NGOs of ‚Äúhardline anti-nuclear activism ‚Ä¶ based on a position well known for being completely biased and riddled with factual errors‚Äù. It said its priority was ‚Äúsustainable development‚Äù and that nuclear energy was ‚Äúintrinsically immune to any form of political manipulation‚Äù.

LOL. I feel dirty just reading that. If this is wooing, we are in a dank bar in the lowest class part of town just before closing on a very drunk Saturday night.",NEG
58247,u/StonerMeditation,RenewableEnergy,0.9278383851051331,2019-09-24 15:41,"*""The cost of generating solar power ranges from $36 to $44 per megawatt hour (MWh), the WNISR said, while onshore wind power comes in at $29‚Äì$56 per MWh. Nuclear energy costs between $112 and $189.""*

Fossil Fuel and nuke energy are the past.

Renewables are the future.",NEU
58290,u/gibbsi,RenewableEnergy,0.8737162947654724,2019-09-25 02:33,"you also have nuclear waste to deal with, which has to be paid for centuries to manage. that's a big externality with nuclear energy which people don't seem to include often. risk too.",NEG
58393,u/BrotherStalin,RenewableEnergy,0.7835344672203064,2019-09-30 00:48,I don't think we are there yet to threaten nuclear energy yet.,NEU
59869,u/Arsnumeralis,RenewableEnergy,0.9000082612037659,2019-11-22 04:06,"Reduce energy needs, invest in diversification and nuclear energy as well.",NEU
59985,u/TekDragon,RenewableEnergy,0.7250244617462158,2019-11-30 19:50,"Doesn't the cost of solar/wind start increasing exponentially as production ramps up? That is, the cost of moving from 50% to 51% green is substantially more expensive than moving from 10% to 11%.

Unless there's some major breakthroughs on the energy storage front, it would seem to me like there's going to be a point at which nuclear energy becomes more cost effective than adding additional wind/solar.",NEU
60007,u/steroid_pc_principal,RenewableEnergy,0.8840777277946472,2019-12-01 10:30,"There‚Äôs no rule that says posting about nuclear energy isn‚Äôt allowed though. Plus, a post about the downsides of nuclear energy is clearly relevant to renewables.",NEU
60159,u/Akyrael,RenewableEnergy,0.9659153819084167,2019-12-05 12:54,"It's sad that you actually think your trolling means something to us. Is your life really that empty?

At least try and actually make a cogent argument for nuclear energy, instead of acting like you're 11.",NEG
60251,u/frickerooniosmebob,RenewableEnergy,0.49499475955963135,2019-12-07 14:37,Oh I don‚Äôt really know any of those I just kinda found this sub. Sorry if I‚Äôm off topic. Know any good nuclear energy forums?,NEG
60252,u/frickerooniosmebob,RenewableEnergy,0.731342077255249,2019-12-07 14:40,Also from looking at a lot of nuclear energy subs they seem to be very anti renewable energy which I kinda think both are good.,NEU
60715,u/sJAK95,RenewableEnergy,0.7219994068145752,2019-12-22 23:50,"Well if you want energy to be as cheap as possible then i suppose coal is the best alternative? Nuclear energy has been an alternative for coal for decades. If we want to remove coal, nuclear is by far the best solution. Renewable energy require enourmous land areas where it often is agriculture or nature while nuclear energy only needs a small area. Or are you one of those who are afraid of the least dangerous energy sources?",NEU
61293,u/b_33,RenewableEnergy,0.6561546921730042,2020-01-08 07:23,"Nuclear energy requires a fuel in the form of radioactive material. This material is finite, so by definition it is not renewable. I'm not an expert on this however so take what I am saying with a pinch of salt if you must, but I don't believe any radioactive waste can subsequently be re-used.

Edit: I stand corrected as apparently you can reuse uranium and thorium. Everyday is a school day.",NEU
61298,u/bonboncolon,RenewableEnergy,0.6476743817329407,2020-01-08 08:12,"It's like a grey area I suppose. While it won't warm the planet up, there's still wastage that is very dangerous and needs to be handled properly and delicately. Not to mention it's around for a long time.  


There's also the fact that it's very expensive. I think one of the most expensive in terms of energy, but don't quote me on that - renewables right now are far far cheaper and less dangerous. Regardless, nuclear energy places are being built. I believe one is planned to be built in Oxfordshire, England..",NEU
62404,u/markstopka,RenewableEnergy,0.6503307223320007,2020-02-11 12:43,"&gt; The cost to produce 1w of nuclear energy is much more expensive then solar.

vs. 

&gt; The cost to just build a nuclear facility can be north $1 billion for power generation of the same size.

üòÇ

&gt; I work for the largest renewable energy contractor in North America and not a single company we compete with are getting into nuclear energy or are even contemplating it.

What a surprise, no bicycle manufacturer is competing with car manufacturers either; does not mean bicycles can go faster than cars.",NEU
63962,u/ComradePranu,RenewableEnergy,0.5794429183006287,2020-04-13 15:45,"Nuclear Energy is widely used among EU countries, and many forms of renewable energy are very impractical on a large scale.",NEU
65148,u/Some_Unholy_Skeptic,RenewableEnergy,0.7989243865013123,2020-05-09 04:51,"This. Nuclear energy's actually pretty benign in almost every plant. There's a reason that reactors have so many redundancies when it comes to biological shielding. The logistics of using nuclear are far more pressing, like you said. I seem to remember a plant in Germany or somewhere that cost a few billion euros that was never ""turned on"" so to speak due to Fukushima. The sad thing is, is with the phase-out of nuclear energy in Germany, a significant portion of that energy is back to being produced by fossil fuels.",NEU
65151,u/billdietrich1,RenewableEnergy,0.7705820798873901,2020-05-09 05:15,"&gt; The sad thing is, is with the phase-out of nuclear energy in Germany, a significant portion of that energy is back to being produced by fossil fuels.

Yes, one can argue that Germany got off nuclear too fast.  But that's a question of speed, not overall strategy.",NEG
66759,u/GingeraMan,RenewableEnergy,0.8006675243377686,2020-06-27 23:27,"This is why we need nuclear energy, at least for now.",NEU
66760,u/GingeraMan,RenewableEnergy,0.8245017528533936,2020-06-27 23:27,Then more nuclear energy for now then... Until renewables can take over,NEU
67635,u/Bojarow,RenewableEnergy,0.6638463735580444,2020-07-19 17:08,"Only now are you thinking that? It's been hard to ignore for years. He even had some nice words for Michael Moore because he attacked renewables in his ""documentary"". He didn't like it that much though, mostly because it propagated degrowth and didn't massively endorse nuclear energy.",NEG
67682,u/dontpet,RenewableEnergy,0.9728198647499084,2020-07-21 12:09,More corruption tied to the nuclear energy industry.,NEG
67734,u/Euphorbium,RenewableEnergy,0.8554131388664246,2020-07-23 07:37,"Well, maybe not ships, but everything else can. Ships could use nuclear energy.",NEU
68782,u/N3uroi,RenewableEnergy,0.8552073240280151,2020-08-13 09:57,"I'm not distracting or avoiding. Quite the contrary I would call you out for exactly that for trying to counter-argument the waste from renewables with the waste of another way of energy production. What difference does it make to waste that will need to be dealt with by using renewable sources if there exists any waste from nuclear energy? It doesn't influence it at all.

Or would you propose the same solution we used for nuclear waste to be appliead to ""renewables waste""? Guess what... old wind turbine blades are already buried because the aren't exactly (profitably) recyclable.",NEG
69421,u/Cammudar,RenewableEnergy,0.5312384963035583,2020-08-25 16:57,I love how one of the arguments used for nuclear energy is the extremely high energy density in uranium but they forget that almost all of it is wasted.,NEU
69425,u/bonjarno65,RenewableEnergy,0.7255063056945801,2020-08-25 17:38,"Nuclear energy sounds ""futuristic"" and people are ignorant of renewables+storage+demand flexibility",NEG
69429,u/Cammudar,RenewableEnergy,0.6388165950775146,2020-08-25 17:58,"Wait but I'm not saying it is a"",safe, clean, cheap or needed for baseload."" I'm just wondering why a weirdly large number of people think it is even when nuclear energy really isn't.",NEU
69443,u/Roland_Squared,RenewableEnergy,0.8556565642356873,2020-08-25 18:58,I think nuclear power generation has come to in actuality to be a growing number of very different things still all referred to by a blanket term nuclear energy. The classic produce a lot of toxic waste process is one. Fusion is another. Now there are ways to fuel nuclear power with types of nuclear waste from other processes.,NEU
69448,u/Cammudar,RenewableEnergy,0.8711115121841431,2020-08-25 19:06,"While there are a few potential applications to nuclear fuels and even waste processes, there have only been a few experimental studies for nuclear energy in other industrial processes but practically none have actually been used commercially. Fusion power really does have the potential of become a real, viable energy source, but we are at least 4 decades away from that ever becoming achievable and by then Solar and Wind will become so cheap and so inexpensive that the same processes that fusion could achieve will already have done by renewable at inexpensive costs.",NEU
70602,u/iPod3G,RenewableEnergy,0.8395941853523254,2020-09-19 14:23,"Ethanol is considered renewable because it is made from corn. Burning it releases carbon which, we all KNOW, is contributing to man-made climate change.   

Geothermal energy (pick any) is basically clean.

Nuclear energy?   What about the nuclear waste?",NEU
71130,u/friendtoearth,RenewableEnergy,0.8885416388511658,2020-10-02 12:32,"http://canteach.candu.org/Pages/Image%20Library.aspx     . This is the link to learn about the reactors, design and everything. When you go through you could understand on your own . Still if you feel you wanna know my findings you can contact me . I am not against nuclear energy but worried about the guy who wants to make profit from it .",NEU
71864,u/[deleted],RenewableEnergy,0.7888400554656982,2020-10-18 07:07,"Sounds like something a lobbyist would make up. Someone living in an off grid cabin in the woods would not be pushing hydrogen energy for the utilities. 

I‚Äôm not the one here pushing the proliferation of nuclear energy. What does it matter what I do?

Edit, I said nuclear when I meant hydrogen. My bad.",NEG
71865,u/solar-cabin,RenewableEnergy,0.6930828094482422,2020-10-18 07:20,""" Someone living in an off grid cabin in the woods would not be pushing nuclear energy for the utilities. ""

My profile is right there and I do not push nuclear.

Stop trying to get in to personal battles and stick to the topic.

If you want to get in to a pissing contest I suggest you pick someone more your size, squirt.",NEG
72074,u/Interesting-Current,RenewableEnergy,0.9632651209831238,2020-10-22 23:42,"Its stupid how much fossil fuels and nuclear energy are subsidised by the ""small government"" republicans",NEG
72127,u/Interesting-Current,RenewableEnergy,0.9488522410392761,2020-10-23 14:33,It sucks that so many people still believe that nuclear energy is cheaper,NEG
72601,u/Interesting-Current,RenewableEnergy,0.9734670519828796,2020-11-01 15:13,Saw this on r/technology and the comments were full of nuclear energy shills,NEG
72680,u/Interesting-Current,RenewableEnergy,0.9542641639709473,2020-11-02 16:25,Because nuclear energy is extremely expensive and creates nuclear waste,NEG
73449,u/adinsmore,RenewableEnergy,0.53913414478302,2020-11-17 02:37,"Seems you are a big advocate of nuclear energy, that's fine. However you clearly don't know the situation in Scotland. In 2019, 90.1% of Scottish electricity consumption was provided by renewable energy sources, mostly wind. Of course, there is still work to be done, but nuclear energy in Scotland would be like sending the army to arrest a pickpocket.",NEU
73575,u/Agent_03,RenewableEnergy,0.6332024931907654,2020-11-19 05:11,"I like it, but it concerns me that the GOP is trying to shoehorn nuclear into the mix. Nuclear energy is by far the slowest, most expensive solution to climate change -- $8-10 billion per reactor, and an average of [10 years of construction](https://www.reuters.com/article/us-energy-nuclearpower-idUSKBN1W909J).

Nuclear energy has been lobbying heavily to divert government funds that would better be spent on renewables.",NEG
74351,u/PM_ME_YOUR__BOOTY,RenewableEnergy,0.7729467153549194,2020-11-30 14:20,"How can the ""only hit net neutral""? PV panels produce more energy than was used to produce them in two years now.

Your facts seem a decade old.

And nuclear energy produces something not so clean.",NEG
74570,u/JustWhatAmI,RenewableEnergy,0.8867616057395935,2020-12-03 09:03,"&gt;You asked about nuclear, not renewables.

Ah, the old turn! Nuclear folks can't seem to go long without dumping on renewables, even if the topic is nuclear energy",NEG
74925,u/dabderax,RenewableEnergy,0.8990613222122192,2020-12-08 15:40,I'm pro nuclear energy but this just looks stupid. you do cost-benefit analysis (near or long) and adjust your laws and incentives based on it.,NEG
75457,u/rexvansexron,RenewableEnergy,0.8144915103912354,2020-12-16 23:37,"the economics are in the wrong business model of today. 

nobody accounts in any fossil fuel price for the environmental cost it will produces through its use. 
thats why green tech is not competible. 

the same is with nuclear energy. when accounting for long term storage of their waste products, nuclear energy looses its cheapeness. 

but we have to account for this. 
the whole world is built on an incomplete view of economics. thats would be a major driver for a sustainable earth if this gets corrected. 

the optimum would be coming to a resource based economy.",NEG
76410,u/[deleted],RenewableEnergy,0.9324395060539246,2020-12-31 14:44,Nuclear energy is not renewable energy.,NEG
76448,u/notapantsday,RenewableEnergy,0.8523814678192139,2021-01-01 04:21,"I'm really not a fan of nuclear energy, but coal should have been first.",NEG
76572,u/Interesting-Current,RenewableEnergy,0.4971308708190918,2021-01-02 01:31,"Nuclear energy was an ok substitute for fossil fuels 30 years ago, but it seems crazy that reddit seems to support expanding nuclear today. Great post",POS
76583,u/solar-cabin,RenewableEnergy,0.8893524408340454,2021-01-02 02:40,"I see you are a nuclear energy supporter.

Nuclear energy is not renewable energy.

Rule 6- No whitewashing of Nuclear or Fossil Power",NEG
76590,u/solar-cabin,RenewableEnergy,0.9025605320930481,2021-01-02 03:11,"Nuclear energy is not renewable energy.

Rule 6- no whitewashing nuclear or fossil energy",NEG
76792,u/theBAANman,RenewableEnergy,0.9648997783660889,2021-01-05 14:32,"This is not a point against nuclear energy, but it is proof that people in this sub have no idea what they're talking about. You guys have a fundamental misunderstanding of how nuclear energy is currently produced **and** what led to those disasters.

It's unfortunate that the main sub for renewable energy is being restricted by lite pseudoscience on the mods' part.",NEG
76815,u/HangScump,RenewableEnergy,0.9465604424476624,2021-01-05 17:23,Haha your whole post here is illogical being in a solar forum. I'm the one using rational thought. You're the one who's biased specifically for nuclear energy which is the stupidest energy yet so yeah bye bye.,NEG
76894,u/solar-cabin,RenewableEnergy,0.8152067065238953,2021-01-07 07:11,"When you start with ""dude"" and you post this:

""You ""I think it wouldn't have been a too bad idea to have the last nuclear plants in Germany run a few more years""

It makes me question anything you are saying but regardless as you have been shown it is Germany's old grid infrastructure. inefficient homes and using diesel trucks that has slowed down progress on renewable energy.

If that is your government then address those issues instead of soft selling nuclear on a renewable energy sub, please. Nuclear energy is not clean or renewable energy.",NEG
76915,u/Stranfort,RenewableEnergy,0.5718995928764343,2021-01-07 20:00,"You‚Äôre right. I hate to admit it but you‚Äôre right. I was researching it a little and it seems their not profitable anywhere in the world. And solar is in fact more profitable. 

But I would still encourage research into nuclear energy to find a solution to the shortfall. Because it generates so much more electricity than any other source of energy. Because they have the highest capacity factor. 

Nuclear energy has so much incredible potential we just have to find a way to make it profitable and more affordable.",NEU
76917,u/Stranfort,RenewableEnergy,0.49085599184036255,2021-01-07 20:40,"I was a big fan of nuclear and still am. But by the course we are going. I guess I‚Äôll never get to see a golden age of nuclear energy. Solar and wind will most likely overtake nuclear as they get more advanced over time along with its virtually limitless supply of power. Solar panels will only continue to expodetisly improve the level of light absorption. At least geothermal will get some credit. I love geothermal energy. A close second. But in either case, 

You win.",NEU
76961,u/Interesting-Current,RenewableEnergy,0.9156002998352051,2021-01-08 23:58,"In Australia we have a nuclear energy ban, but recently fossil fuel lobbying have been ""supporting"" nuclear as a way to delay the switch to renewables those are the real threats for them",NEG
77356,u/solar-cabin,RenewableEnergy,0.852136492729187,2021-01-16 13:21,Nuclear energy would still be much more expensive than renewable energy and it would still rely on a finite material we will run out of.,NEG
77364,u/Interesting-Current,RenewableEnergy,0.5023964643478394,2021-01-16 15:22,Reddit has a huge nuclear energy hivemind,NEU
77378,u/NinjaKoala,RenewableEnergy,0.834276020526886,2021-01-16 19:34,"&gt;If that were true, China wouldn't be massively expanding nuclear energy while the West turns away. 

In 2019, China got 4.9% of its grid energy from nuclear power. Their current plans call for it to generate 7.7% of their grid energy by 2030.  


The U.S. gets roughly 20% of its electricity from nuclear power. Tell me again how the Chinese program is ""massive.""",NEU
77387,u/solar-cabin,RenewableEnergy,0.5842031240463257,2021-01-16 21:15,"The reality is nuclear energy is not clean, cheap, fast to build or renewable.

It will be decommissioned and phased out as more renewable energy with storage capacity comes online and is already happening around the world.

Have a great night!",NEU
78950,u/blacx,RenewableEnergy,0.9566923975944519,2021-02-13 23:40,"dude, read the shit you post at least
&gt;Is nuclear energy renewable? No, but it is considered sustainable.

And now read the title of this sub",NEG
79179,u/gpearce52,RenewableEnergy,0.771648108959198,2021-02-17 10:21,"An official with the Electric Reliability Council of Texas said Tuesday afternoon that 16 gigawatts of renewable energy generation, mostly wind generation, were offline. Nearly double that, 30 gigawatts, had been lost from thermal sources, which includes gas, coal and nuclear energy.

https://www.texastribune.org/2021/02/16/texas-wind-turbines-frozen/amp/",NEU
79573,u/Material_Homework_86,RenewableEnergy,0.7831581830978394,2021-02-22 13:22,"Encourag local regional power based on solar, wind, availability of small hydro, geothermal,  biomass to supply close to home needs. Investments in efficiency storage reduce needs for any fuels. Storage batteries near loads then expand hydrogen production when. Excess renewable energy produces incredible amounts of storable transportable fuel to replace natural gas, other fossil fuel and nuclear energy.  Using existing transportation, storage, equipment,  generation investments green hydrogen is ideal for green energy future.",POS
80983,u/-kekevi-,RenewableEnergy,0.6955792903900146,2021-03-18 13:28,I hope it will be economical to build batteries for arbitraging soon. Without nuclear energy we probably need to build a lot of them and they need more income sources than frequency control as it is a very limited requirement for grid (I am talking about FCR; the others are still not feasible for batteries),NEU
81708,u/doshea213,RenewableEnergy,0.8624542951583862,2021-04-05 17:27," Once those batteries become obsolete, there needs to be better ways to recycle the chemicals in the batteries so that we do not end up with a similar situation to Nuclear energy, where we are just storing incredibly hazardous material in caves for eternity.",NEG
81709,u/doshea213,RenewableEnergy,0.7548800110816956,2021-04-05 17:51,Do any of you see issue with Nuclear energy being an extremely dirty energy source due to the fact that the waste product will essentially be with us indefinitely?,NEG
81734,u/daughternature00,RenewableEnergy,0.8032053112983704,2021-04-06 18:28,"Nuclear power is also viewed as dangerous by some, the Fukushima disaster and 3 mile island still cause some to believe it is not safe. Some advancements have been made in safety, as well as processes that use the secondary product of nuclear energy, cesium 137. Nuclear would provide a solid baseload to compliment solar but people don't see it as being at the same level of other renewables",NEU
83966,u/SomeoneToLienOn,RenewableEnergy,0.9788955450057983,2021-05-23 09:35,It‚Äôs unfortunate nuclear energy makes you so childish. You‚Äôre not doing your side any favours.,NEG
84863,u/thorium43,RenewableEnergy,0.5487729907035828,2021-06-08 17:07,"Kate Brown at MIT has a good book on Chernobyl and the systemic misrepresentation of health effects by authorities.

The World Nuclear Industry Status Report is good for the status of the nuclear energy industry. 

The problem is the hippies that oppose nuclear on non scientific grounds so there is a lot out there that is not rigorous at all, and you have to dig deeper to get the real good info on why the industry is struggling.",NEU
85714,u/just_one_last_thing,RenewableEnergy,0.6559320688247681,2021-06-21 19:33,"&gt; The package aims to boost nuclear energy, hydrogen energy and carbon capture, which uses developing technology to capture emissions from activities such as burning fossil fuels. 

The holy trifecta of performative centrism technology.",NEU
85734,u/pearlsandplumes,RenewableEnergy,0.7675760388374329,2021-06-22 07:27,"&gt;The package aims to boost nuclear energy, hydrogen energy and carbon capture, which uses developing technology to capture emissions from activities such as burning fossil fuels. 

Except for *maybe* green hydrogen, this is money directly down the drain. But what else is new.",NEU
89105,u/GiveMeSumKred,RenewableEnergy,0.5543733835220337,2021-08-24 05:34,"Obviously, nuclear has proven safer than some may have feared in the 1970s, but nuclear energy is not clean energy. I‚Äôve worked Yucca Mountain. Some day it will be full. Further, you have to mine uranium. It‚Äôs hard to talk about that in clean terms. It makes sense to use nuclear in transition to true clean energy, but we‚Äôll need something cleaner in the future. Why give up on hydrogen already?",NEU
92446,u/pistacheyo,RenewableEnergy,0.7767627239227295,2021-10-26 01:58,"Commenting so I can follow this post. 

I have worked in Solar, Wind, and now Nuclear energy.",NEU
92456,u/AtomicEnthusiast,RenewableEnergy,0.7453380227088928,2021-10-26 03:55,"I think the main factor would be the inherent association between nuclear energy and nuclear weapons, especially when considering that the latter was among the first applications of nuclear fission. Well known Nuclear accidents have also contributed to this perveption. 

A lack of understanding of these things ultimately mean that a layman is unable to understand to truly understand the distinction between nuclear weapons and nuclear energy",NEG
94829,u/Tafinho,RenewableEnergy,0.7963173985481262,2021-12-04 06:32,"New nuclear generation costs around 140‚Ç¨/MWh if used for base load (assured market placement at guaranteed prices) . If sold at markets prices, nuclear energy is nowhere near economically effective.

Check the Hinckley Point C drama.",NEG
95136,u/Willing-Ad55,RenewableEnergy,0.9517949819564819,2021-12-10 04:41,"Nuclear energy is the energy in the nucleus, or core, of an atom. ... The fuel that nuclear reactors use to produce nuclear fission is pellets of the element uranium. In a nuclear reactor, atoms of uranium are forced to break apart. As they split, the atoms release tiny particles called fission products.",NEU
95296,u/CorDeGeleia,RenewableEnergy,0.8504278063774109,2021-12-13 07:44,"I'm genuinely curious. Sources because I don't want ""fantasy"" idealistic opinions, Im considering whether we truly have an alternative to fossil fuels on our global energy demand.   
I'm a biologist but I don't understand much about physics, but I often hear from colleagues that energy from wind farms aren't exactly sustainable, that nuclear energy is apparently clean despite all the risks involved... and I wanted to hear the opinion of people who have actually studied this.",NEU
95764,u/Leftstone2,RenewableEnergy,0.8189466595649719,2021-12-20 08:06,"While nuclear energy isn't necessarily ""renewable"", it is carbon free and does fill a lot of use cases that renewables can't. Maybe you can argue that discussions about it don't belong in this sub but if we're pursuing a carbon free future, discussions about nuclear are necessary.",NEU
96017,u/ButterflyCamo,RenewableEnergy,0.49340805411338806,2021-12-23 13:28,"How about a big yeah.

You gotta go with facts and science.
And science supports nuclear energy far more than these other pathetic alternatives.",NEG
96027,u/Interesting-Current,RenewableEnergy,0.9676730036735535,2021-12-23 19:36,"Nuclear energy kills more birds per kwh than wind

And in addition to that it is unrenewable, creates nuclear waste, has potential for catastrophe, extremely high water consumption, slow to build, hard to turn off quickly, etc",NEG
97101,u/davypbc,RenewableEnergy,0.775149405002594,2022-01-17 13:27,"It seems like the main argument against green hydrogen is that electrolysis is energy intensive, but with the continued build out of renewables and nuclear energy costs fall and green hydrogen becomes a lot cheaper energy storage than batteries",NEU
97951,u/RahulTheCoder,RenewableEnergy,0.8488796353340149,2022-02-04 07:08,"Me too..  i also wanted to study the renewable energy sources, the process and the mechanics behind it.  


For now I selected 2 books

One is :  Solar Energy: The physics and engineering of Photovoltaic conversion technology and systems.

I just started it. As per topics and preface the book explains the solar radiation, photo voltic cells and systems.


2nd :  Nuclear Energy: an introduction to concepts systems and applications by
Raymond L. Murray",NEU
98795,u/cury41,RenewableEnergy,0.6028788089752197,2022-02-22 23:55,"Don't have a source for you sorry.

But for me the reason nuclear energy shouldnt count as renewable is in the definition of the word renewable. The word renewable implies that there is an infinite source that can be reused. Nuclear energy however requires fuel from a non-renewable feedstock.

Also, pretty weird you have to do an essay on why it should not count.",NEG
98967,u/M1ngb4gu,RenewableEnergy,0.9490607976913452,2022-02-25 02:39,You know geothermal is nuclear energy right?,NEU
98970,u/rexvansexron,RenewableEnergy,0.733500063419342,2022-02-25 03:19,"not entirely. 
and calling it nuclear energy in that context is just wrong. 

fossil fuel is also renewable when speaking of millions of years since fossil fuel is just converted sunlight and biogenic matter.",NEG
98980,u/M1ngb4gu,RenewableEnergy,0.904148280620575,2022-02-25 05:37,"Mostly though.

Yeah, and nuclear energy is renewable in that there is enough fissionable material on the planet that we realistically will never run out.",POS
99034,u/CORedhawk,RenewableEnergy,0.8547215461730957,2022-02-26 11:15,I believe every country should try to be as energy independent as possible.  For Europe I hope that they reconsider how nuclear energy fits into their mix. (and maybe the rest of the world too),NEU
100572,u/oldpricklybastard,RenewableEnergy,0.7930593490600586,2022-04-01 10:30,No not trolling.  I believe in renewable  nuclear energy. I do believe climate change is definitely a problem. My point still  is it's going to take all countries on the same page or at least the same chapter.,NEU
102353,u/reddit455,RenewableEnergy,0.6914064288139343,2022-05-19 14:45,"&amp;#x200B;

&gt;Please indicate your stance on using nuclear energy as a energy source in your country

&amp;#x200B;

regarding the old crappy reactors that are causing all the problems..  or the newer designs?

&amp;#x200B;

without ***context*** it's impossible to determine my stance.",NEG
103722,u/Dolphin-Uprising,RenewableEnergy,0.9345128536224365,2022-06-20 13:01,"What would have been the outcome in India if the clean energy was utilized for residential only instead of sharing the generated solar power with industrial infrastructure, I wonder? What about nuclear energy, and why is it not part of the discussion?",NEU
104214,u/FactHunt69420,RenewableEnergy,0.8717972040176392,2022-06-27 16:57,"Hey mate,

Glad to see an Aussie looking into the nuclear energy topic, its so taboo here!

I filled in your survey, I'm pretty pro-nuclear (even did an internship 15yrs ago at a nuclear plant), so I think my opinion might distort your count of what would otherwise be 'general public' opinion. So take my inputs with a grain of salt :)

Cheers",POS
104623,u/darth_-_maul,RenewableEnergy,0.7688347101211548,2022-07-06 13:41,"And nuclear is a low carbon source. The cheep nuclear energy won‚Äôt go away because that will raise electricity prices, and the cheep renewables will keep expanding because that will lower electricity prices, getting rid of either would be political suicide. And we could add a CO2 per kilowatt clause to the mega grid.",NEG
104640,u/MegavirusOfDoom,RenewableEnergy,0.8908179402351379,2022-07-07 05:10,"I mean thermal energy from hydrogen for heating and cooking. Very roughly, a new electrolysis plant today delivers energy efficiency of around 80%, compared to the energy input.

If that energy is used for home heating (direct combustion), it's 330kwh per kg, so 75kg of hydrogen in your garden from your pond will keep an average home warm for about 1000 days....

Even if you use crappy electrolysis at home, with 60% efficiency, from wind, the raidiator energy price is still 1/2 price of nuclear energy current grid price.",NEU
106148,u/thestrodeman,RenewableEnergy,0.613387405872345,2022-08-15 17:00,"[https://www.inet.ox.ac.uk/files/energy\_transition\_paper-INET-working-paper.pdf](https://www.inet.ox.ac.uk/files/energy_transition_paper-INET-working-paper.pdf)

&amp;#x200B;

Page 2 has a pretty excellent graph illustrating my point. Nuclear energy underwent exponential growth between 1970 and 1990 worldwide. Costs didn't decrease, they increased. Nuclear doesn't have a favorable learning curve.",NEU
108286,u/Leftstone2,RenewableEnergy,0.8825384974479675,2022-10-07 17:56,Isn't the eu still purchasing fossil fuels from Russia to the tune of billions of euros? I'm not sure why this article is so focused on nuclear energy when they can't even ween themselves off fossil fuels.,NEG
108430,u/glefe,RenewableEnergy,0.7284938097000122,2022-10-12 23:21,"This is what happens when people are idolised beyond their expertise. Nuclear energy is a mess. It is better to lower the living standard of Middle Europe, which is already higher than in many other regions of the world, by reducing energy consumption, especially of fossil industries, than to rely on centralised, expensive, uninsurable, high impact risk-charged means of energy production like nuclear energy.

Yes, coal and natural gas are not the answer, but few even recognise the unsustainable practices that parts of the German economy rely on. Energy has a cost.",NEG
108437,u/Blueberry_Conscious_,RenewableEnergy,0.5591286420822144,2022-10-13 01:36,"Genuine question - where do you find reliable sources to learn about nuclear energy that's not simply shills or industry-sponsored researchers (tall ask in most industries) or anti-nuclear environmental groups. 

To be honest, I don't know much about it, and I think I should learn something.",NEG
108664,u/krakotay1,RenewableEnergy,0.8995102643966675,2022-10-20 14:53,"&gt;Won't change anything regarding nuclear. Those are never insured (no insurance will touch them). The 'insurance' in that case is called: taxpayer. If we were to add the insurance cost to nuclear power the price would be even worse than it already is.

Funny moment that nuclear energy might be good to beat global warming... if it was cheaper, ofc =)",NEG
108728,u/Daddy_Macron,RenewableEnergy,0.8178852200508118,2022-10-24 08:03,"&gt; If we do not invest ik nuclear energy


Nuclear power already receives tens of billions of dollars in R&amp;D subsidies every year. Even long-shots like Nuscale got $1.4 Billion from the Department of Energy and they're still a decade out from building their first commercial reactor.


Meanwhile, global annual production of electricity by Wind and Solar surpassed nuclear power last year. A 10 year buildout surpassed a 60 year one. I know which horse I'm hitching my wagon on.",NEU
109138,u/AnonymousWritings,RenewableEnergy,0.5662108063697815,2022-10-31 20:15,"Lol. No. 

Nuclear energy is fine. It's technologically viable, safe, low emissions. Yada yada. 

And even 10 years ago, it would have made sense to push to build. 

Now though, renewables are so cheap, that it just doesn't make sense. funding nuclear is now an opportunity cost where more decarbonozation could be done faster and cheaper with wind/solar.",NEU
109199,u/joemeatballs11,RenewableEnergy,0.6291678547859192,2022-11-01 11:41,"If people were serious about green energy we'd be investing in nuclear energy. That is the future, not this nonsense",NEG
111249,u/Generallyawkward1,RenewableEnergy,0.6239256262779236,2023-01-10 00:01,"Forgive me for asking, but, what makes nuclear energy a waste of money?",NEG
111804,u/starf05,RenewableEnergy,0.8695951700210571,2023-02-02 07:16,"French nuclear fleet is old and as a consequence, nuclear energy generation has been falling, due to the increased need for maintenance of the nuclear fleet. Less nuclear=you have to produce electricity in other ways.",NEG
112559,u/coconutsack699420,RenewableEnergy,0.5118416547775269,2023-02-28 08:46,"Yes, I do support nuclear energy",NEU
113629,u/DefenderRed,RenewableEnergy,0.826082706451416,2023-04-01 11:19,"Nuclear energy needs to be part of the energy mix/ solution. We don't need anymore of the old huge monolithic nuclear power plants, instead, we need the SMRs and molten salt reactors to be deployed along with solar and wind.

When these coal plants get shut down, it'd be wise for them get repurposed with nuclear, solar, and wind since they already have the supporting grid infrastructure built in.",NEU
114883,u/falconx2809,RenewableEnergy,0.5119621157646179,2023-05-15 11:38,"1) fuel costs represent only a small portion of the total cost of nuclear energy, so withdrawing that subsidy won't have a large impact on the price of nuclear energy
2) out of ~14000 mtoe energy consumption globally, 7500+ mtoe of energy is consumed by countries which possess nuclear weapons ( i e countries which also possess nuclear enrichment capability ), so your assumption that nuclear recycling creates proliferation risk & that it is not suitable for most of the world  does not make much sense",NEU
114890,u/sault18,RenewableEnergy,0.9666873216629028,2023-05-15 12:29,Still don't change the fact that you'll say anything and everything to crap on Renewables and support nuclear energy regardless of the facts. Yawn...,NEG
114926,u/falconx2809,RenewableEnergy,0.8066026568412781,2023-05-15 19:33,"1) the argument of fuel cost is relevant because recycling cost ultimately affects fuel cost, so even if France were to not subsidize nuclear fuel recycling and just pass it on to the energy companies it wouldn't affect the final price of nuclear energy much 
2) did US abandoning nuclear fuel recycling prevent Iran from developing  nuclear capability ? No
Did it prevent Iran from building more centrifuges ? No
Same with NK, countries which want to develop nuclear weapons will develop them no matter what 
3) i do not dismiss the risk of nuclear proliferation, but take a realistic view of things",NEU
115045,u/alien_ghost,RenewableEnergy,0.5267382264137268,2023-05-23 08:36,"What is status quo about building sustainable infrastructure?    
So oil companies should power our society for free? They are providing what we are using. If we as a society had decided to use nuclear energy, we'd be in a different place. But we didn't, so we're not.  
And people are changing the narrative by building sustainable infrastructure. We have already started using less gasoline than before.  What are you doing to build sustainable infrastructure, seeing as it is so important to you that you think you can tell other people what they should do?",NEU
115227,u/silentsnooc,RenewableEnergy,0.5024194121360779,2023-06-02 06:29,"We can do that. But I'd prefer to have an immediate reduction by 50% right now, and a parallel adoption to solar asap instead of shutting down all coal plants today, start WW3 over nuclear energy and not even have to time to convert to solar.

That's, obviously, a lazy dramatic simplification that's not true at all but what I want to say is: It's one thing what we want to do, and it's another thing what we can do.",NEG
116115,u/64sweetsour,RenewableEnergy,0.8205309510231018,2023-08-14 06:41,"To be fair, waiting for nuclear energy is a big part of nuclear energy in general. So at least they stay on message",NEU
116829,u/Recent-Construction6,RenewableEnergy,0.5986757874488831,2023-10-19 21:11,"I think once Nuclear fusion comes about as a viable tech that will solve most of the issues involved with nuclear energy, unfortunately i don't think we can talk about a clean energy future that doesn't involve some form of nuclear energy, simply due to the materials neccessary to make solar panels and wind turbines, etc.",NEU
116835,u/hypercomms2001,RenewableEnergy,0.6702503561973572,2023-10-19 22:21,"The lifetime of a typical renewable source is about 25 years when compare to a nuclear reactor now of 80+ years. In addition because of the extremely high energy density of nuclear energy, once a reactor has been built, it very quickly repays it‚Äôs upfront capital investment‚Ä¶. Which is more than three times the return on investment in renewable energy.",NEU
117716,u/dovakin422,RenewableEnergy,0.8724565505981445,2023-11-09 08:00,Why is everyone that disagrees with you a fossil shill? Stop being so closed minded. I just happen to disagree that solar and battery is going to be a practical or economically viable opinion. Nuclear energy is much more appropriate.,NEG
117738,u/rasvial,RenewableEnergy,0.8908830285072327,2023-11-09 08:27,Just burn out your cars battery so that absolutists can avoid the very clean nuclear energy.,NEG
